S.No.,Name,Category,Success Link
1,KrishnaPaudel,B,https://onlineedlreg.dotm.gov.np/newDlApplicationEntryResult_.action?successMessage=APPLICATION+SAVED+SUCCESSFULLY+REFERENCE+NO%3A+2101222481285&referenceNo=2101222481285&applicantfullname=Krishna+Paudel&regdate=1%2F22%2F21&status=ADDCATEGORY&citizenshipnumber=24587&mobilenumber=-&selectedcategories=B&fathername=Guru+Prasad+Paudel&Address=++++Nepal+&expiryDate=N%2FA&bloodgroup=O%2B&dobStr=09-Mar-1957&appointmentDate=4%2F13%2F21&applyZone=Lumbini&applyOffice=Lumbini%2CNepal
2,DipendraKarki,B,https://onlineedlreg.dotm.gov.np/newDlApplicationEntryResult_.action?successMessage=APPLICATION+SAVED+SUCCESSFULLY+REFERENCE+NO%3A+2101222481323&referenceNo=2101222481323&applicantfullname=Bdihan+Bishwakarma&regdate=1%2F22%2F21&status=ADDCATEGORY&citizenshipnumber=39-01-74-09378&mobilenumber=9821937643&selectedcategories=B&fathername=Tank+Bahadur+Bishowkarma&Address=tansen+6+Palpa+Lumbini+Nepal+&expiryDate=01-Jan-2024&bloodgroup=O%2B&dobStr=15-Jan-2002&appointmentDate=4%2F13%2F21&applyZone=Lumbini&applyOffice=Lumbini%2CNepal
3,DipakTharu,B,https://onlineedlreg.dotm.gov.np/newDlApplicationEntryResult_.action?successMessage=APPLICATION+SAVED+SUCCESSFULLY+REFERENCE+NO%3A+2101222481359&referenceNo=2101222481359&applicantfullname=Dipak+Tharu&regdate=1%2F22%2F21&status=Registered&citizenshipnumber=38-06-74-01651&expiryDate=N%2FA&bloodgroup=O%2B&dobStr=11-Nov-1998&mobilenumber=9819445803&selectedcategories=B&fathername=Bal+Kisun+Tharu&Address=Banganga+10+Rupandehi+Lumbini+Nepal&appointmentDate=4%2F13%2F21&applyZone=Lumbini&applyOffice=Lumbini%2CNepal
4,RanjeetJha,B,https://onlineedlreg.dotm.gov.np/newDlApplicationEntryResult_.action?successMessage=APPLICATION+SAVED+SUCCESSFULLY+REFERENCE+NO%3A+2101222481381&referenceNo=2101222481381&applicantfullname=Ranjeet+Kumar+Jha&regdate=1%2F22%2F21&status=ADDCATEGORY&citizenshipnumber=4618%2F3&mobilenumber=9857034289&selectedcategories=B&fathername=Baidhanath++Jha&Address=tilathi+05+Saptari+Sagarmatha+Nepal+&expiryDate=03-Oct-2024&bloodgroup=A%2B&dobStr=28-Oct-1984&appointmentDate=4%2F13%2F21&applyZone=Lumbini&applyOffice=Lumbini%2CNepal
5,BhupendraRana,B,https://onlineedlreg.dotm.gov.np/newDlApplicationEntryResult_.action?successMessage=APPLICATION+SAVED+SUCCESSFULLY+REFERENCE+NO%3A+2101222481399&referenceNo=2101222481399&applicantfullname=Bhupendra+Rana&regdate=1%2F22%2F21&status=Registered&citizenshipnumber=5087&expiryDate=N%2FA&bloodgroup=A%2B&dobStr=13-Nov-1977&mobilenumber=9857072033&selectedcategories=B&fathername=Nirmal+Prakash+Rana&Address=Limgha+08+Gulmi+Lumbini+Nepal&appointmentDate=4%2F13%2F21&applyZone=Lumbini&applyOffice=Lumbini%2CNepal
6,DipendraKarki,B,https://onlineedlreg.dotm.gov.np/newDlApplicationEntryResult_.action?successMessage=APPLICATION+SAVED+SUCCESSFULLY+REFERENCE+NO%3A+2101222481481&referenceNo=2101222481481&applicantfullname=Dipendra+Karki&regdate=1%2F22%2F21&status=Registered&citizenshipnumber=39-01-74-01358&expiryDate=N%2FA&bloodgroup=O%2B&dobStr=21-Feb-2000&mobilenumber=9846688185&selectedcategories=B&fathername=Sitaram++Karki&Address=Tansen+06+Palpa+Lumbini+Nepal&appointmentDate=4%2F13%2F21&applyZone=Lumbini&applyOffice=Lumbini%2CNepal
7,BimalGhimire,B,https://onlineedlreg.dotm.gov.np/newDlApplicationEntryResult_.action?successMessage=APPLICATION+SAVED+SUCCESSFULLY+REFERENCE+NO%3A+2101222481687&referenceNo=2101222481687&applicantfullname=Bimal+Ghimire&regdate=1%2F22%2F21&status=Registered&citizenshipnumber=36-01-75-02484&expiryDate=N%2FA&bloodgroup=O%2B&dobStr=07-Apr-1999&mobilenumber=9827450052&selectedcategories=B&fathername=Resham+Bahadur+Ghimire&Address=Sunwal+10+Nawalparasi+Lumbini+Nepal&appointmentDate=4%2F13%2F21&applyZone=Lumbini&applyOffice=Lumbini%2CNepal
8,SalikramSapkota,C1,https://onlineedlreg.dotm.gov.np/newDlApplicationEntryResult_.action?successMessage=APPLICATION+SAVED+SUCCESSFULLY+REFERENCE+NO%3A+2101222482530&referenceNo=2101222482530&applicantfullname=Salikram+Sapkota&regdate=1%2F22%2F21&status=Registered&citizenshipnumber=65-01-74-09623&expiryDate=N%2FA&bloodgroup=B%2B&dobStr=29-Nov-1996&mobilenumber=9845993834&selectedcategories=C1&fathername=Eak+Prasad+Sapkota&Address=Baadhaiyatal+08+Bardiya+Bheri+Nepal&appointmentDate=1%2F26%2F21&applyZone=Lumbini&applyOffice=Lumbini%2CNepal
9,ArjunKumar,B,https://onlineedlreg.dotm.gov.np/newDlApplicationEntryResult_.action?successMessage=APPLICATION+SAVED+SUCCESSFULLY+REFERENCE+NO%3A+2101222482540&referenceNo=2101222482540&applicantfullname=Arjun+Kunwar&regdate=1%2F22%2F21&status=ADDCATEGORY&citizenshipnumber=391034%2F423&mobilenumber=9847101719&selectedcategories=B&fathername=Dhan+Bahadur+Kunwar&Address=palung+03+Palpa+Lumbini+Nepal+&expiryDate=N%2FA&bloodgroup=A%2B&dobStr=21-Jun-1994&appointmentDate=4%2F13%2F21&applyZone=Lumbini&applyOffice=Lumbini%2CNepal
10,ManojTramu,B,https://onlineedlreg.dotm.gov.np/newDlApplicationEntryResult_.action?successMessage=APPLICATION+SAVED+SUCCESSFULLY+REFERENCE+NO%3A+2101222482609&referenceNo=2101222482609&applicantfullname=Manoj+Tramu&regdate=1%2F22%2F21&status=ADDCATEGORY&citizenshipnumber=372038%2F75778&mobilenumber=9812988857&selectedcategories=B&fathername=Ram+Bahadur+Tramu&Address=gajedi+03+Rupandehi+Lumbini+Nepal+&expiryDate=N%2FA&bloodgroup=B%2B&dobStr=02-Dec-1995&appointmentDate=4%2F13%2F21&applyZone=Lumbini&applyOffice=Lumbini%2CNepal
11,MahaDhungana,K,https://onlineedlreg.dotm.gov.np/newDlApplicationEntryResult_.action?successMessage=APPLICATION+SAVED+SUCCESSFULLY+REFERENCE+NO%3A+2101222482807&referenceNo=2101222482807&applicantfullname=Maha+Laksmi+Dhungana&regdate=1%2F22%2F21&status=Registered&citizenshipnumber=39-01-70-03084&expiryDate=N%2FA&bloodgroup=O%2B&dobStr=12-May-1995&mobilenumber=9867041960&selectedcategories=K&fathername=Shalik+Ram+Dhungana&Address=Chirtungdhara+01+Palpa+Lumbini+Nepal&appointmentDate=7%2F5%2F21&applyZone=Lumbini&applyOffice=Lumbini%2CNepal
12,GaneshNepal,A,https://onlineedlreg.dotm.gov.np/newDlApplicationEntryResult_.action?successMessage=APPLICATION+SAVED+SUCCESSFULLY+REFERENCE+NO%3A+2101222482821&referenceNo=2101222482821&applicantfullname=Ganesh+Nepal&regdate=1%2F22%2F21&status=Registered&citizenshipnumber=393030-29&expiryDate=N%2FA&bloodgroup=A%2B&dobStr=23-May-1992&mobilenumber=9867712137&selectedcategories=A&fathername=Ramlal++Nepal&Address=Deurali+08+Palpa+Lumbini+Nepal&appointmentDate=7%2F21%2F21&applyZone=Lumbini&applyOffice=Lumbini%2CNepal
13,SantoshPasi,B,https://onlineedlreg.dotm.gov.np/newDlApplicationEntryResult_.action?successMessage=APPLICATION+SAVED+SUCCESSFULLY+REFERENCE+NO%3A+2101222483303&referenceNo=2101222483303&applicantfullname=Santosh+Kumar+Pasi&regdate=1%2F22%2F21&status=Registered&citizenshipnumber=36-01-73-07674&expiryDate=N%2FA&bloodgroup=O%2B&dobStr=27-Nov-1998&mobilenumber=9806987218&selectedcategories=B&fathername=Bhikhan++Pasi&Address=Sarawal+03+Nawalparasi+Lumbini+Nepal&appointmentDate=4%2F14%2F21&applyZone=Lumbini&applyOffice=Lumbini%2CNepal
14,ManilaPoudel,K,https://onlineedlreg.dotm.gov.np/newDlApplicationEntryResult_.action?successMessage=APPLICATION+SAVED+SUCCESSFULLY+REFERENCE+NO%3A+2101222501070&referenceNo=2101222501070&applicantfullname=Manila+Chhetri+poudel&regdate=1%2F22%2F21&status=ADDCATEGORY&citizenshipnumber=40-01-72-01385&mobilenumber=9811890816&selectedcategories=K&fathername=Dambar+Bahadur+Chhetri&Address=chhahara+4+Palpa+Lumbini+Nepal+&expiryDate=27-Dec-2025&bloodgroup=A%2B&dobStr=23-Aug-1998&appointmentDate=7%2F21%2F21&applyZone=Lumbini&applyOffice=Lumbini%2CNepal
15,ShyamKhatri,C1,https://onlineedlreg.dotm.gov.np/newDlApplicationEntryResult_.action?successMessage=APPLICATION+SAVED+SUCCESSFULLY+REFERENCE+NO%3A+2101222525264&referenceNo=2101222525264&applicantfullname=Shyam+Bahadur+Khatri&regdate=1%2F22%2F21&status=Registered&citizenshipnumber=391055-322&expiryDate=N%2FA&bloodgroup=A%2B&dobStr=04-Oct-1975&mobilenumber=9825492203&selectedcategories=C1&fathername=Til+Bahadur+Khatri&Address=Rampur+09+Palpa+Lumbini+Nepal&appointmentDate=2%2F3%2F21&applyZone=Lumbini&applyOffice=Lumbini%2CNepal
16,BirGurung,B,https://onlineedlreg.dotm.gov.np/newDlApplicationEntryResult_.action?successMessage=APPLICATION+SAVED+SUCCESSFULLY+REFERENCE+NO%3A+2101222535716&referenceNo=2101222535716&applicantfullname=Bir+Bahadur+Gurung&regdate=1%2F22%2F21&status=Registered&citizenshipnumber=41-01-71-01260&expiryDate=N%2FA&bloodgroup=O%2B&dobStr=29-May-1995&mobilenumber=9867088684&selectedcategories=B&fathername=Man+Bahadur+Gurung&Address=Harrachaur+02+Gulmi+Lumbini+Nepal&appointmentDate=5%2F11%2F21&applyZone=Lumbini&applyOffice=Lumbini%2CNepal
17,RomanKC,B,https://onlineedlreg.dotm.gov.np/newDlApplicationEntryResult_.action?successMessage=APPLICATION+SAVED+SUCCESSFULLY+REFERENCE+NO%3A+2101222530438&referenceNo=2101222530438&applicantfullname=Roman+KC&regdate=1%2F22%2F21&status=Registered&citizenshipnumber=37-01-72-03019&expiryDate=N%2FA&bloodgroup=A%2B&dobStr=19-Jun-2004&mobilenumber=1234345678&selectedcategories=B&fathername=Roman++KC&Address=Butwal+1+Achham+Lumbini+Nepal&appointmentDate=5%2F10%2F21&applyZone=Lumbini&applyOffice=Lumbini%2CNepal
18,LokendraKhattri,C1,https://onlineedlreg.dotm.gov.np/newDlApplicationEntryResult_.action?successMessage=APPLICATION+SAVED+SUCCESSFULLY+REFERENCE+NO%3A+2101222530709&referenceNo=2101222530709&applicantfullname=Lokendra+Bahadur+Khattri&regdate=1%2F22%2F21&status=Registered&citizenshipnumber=41-23-74-00130&expiryDate=N%2FA&bloodgroup=O%2B&dobStr=25-Jan-1999&mobilenumber=9866134111&selectedcategories=C1&fathername=Jiba+Bahadur+Khatri&Address=Malika+04+Gulmi+Lumbini+Nepal&appointmentDate=2%2F7%2F21&applyZone=Lumbini&applyOffice=Lumbini%2CNepal
19,MeghanathGaire,C,https://onlineedlreg.dotm.gov.np/newDlApplicationEntryResult_.action?successMessage=APPLICATION+SAVED+SUCCESSFULLY+REFERENCE+NO%3A+2101222532595&referenceNo=2101222532595&applicantfullname=Meghanath+Gaire&regdate=1%2F22%2F21&status=Registered&citizenshipnumber=1030-926&expiryDate=N%2FA&bloodgroup=O%2B&dobStr=02-May-1992&mobilenumber=9866412335&selectedcategories=C&fathername=Bhimlal++Gaire&Address=Pokharathok+02+Arghakhanchi+Lumbini+Nepal&appointmentDate=2%2F3%2F21&applyZone=Lumbini&applyOffice=Lumbini%2CNepal
20,TejulalBhattrai,C1,https://onlineedlreg.dotm.gov.np/newDlApplicationEntryResult_.action?successMessage=APPLICATION+SAVED+SUCCESSFULLY+REFERENCE+NO%3A+2101222532612&referenceNo=2101222532612&applicantfullname=Tejulal+Bhattrai&regdate=1%2F22%2F21&status=Registered&citizenshipnumber=12064-12841-2677&expiryDate=N%2FA&bloodgroup=B%2B&dobStr=02-Oct-1981&mobilenumber=9867670889&selectedcategories=C1&fathername=Pharsuram++Bhattrai&Address=Dhanchaur+09+Arghakhanchi+Lumbini+Nepal&appointmentDate=2%2F7%2F21&applyZone=Lumbini&applyOffice=Lumbini%2CNepal
